STATE,D,E,F,G,H,J,K,L,M,N,O,STATUS
AK,193,146,55,249,869,7560,4120,800,76,11.9,10922,PRIVATE
AK,1852,1427,928,3885,4519,5226,3590,650,67,10,11935,PUBLIC
AK,146,117,89,492,1849,5226,4764,500,39,9.5,9584,PUBLIC
AK,2065,1598,1162,6209,10537,5226,5120,580,48,13.7,8046,PUBLIC
AL,2817,1920,984,3958,305,3400,2550,500,53,14.3,7043,PUBLIC
AL,345,320,179,1367,578,5600,3250,350,52,32.8,3971,PRIVATE
AL,1351,892,570,2385,331,4440,3030,300,72,18.9,5883,PUBLIC
AL,7548,6791,3070,16262,1716,6300,3933,600,85,16.7,6642,PUBLIC
AL,805,588,287,1376,207,11660,4325,400,74,14,8649,PRIVATE
AL,1087,702,625,3772,1034,2970,2536,500,62,19.4,4944,PUBLIC
AL,608,520,127,538,126,8080,3920,500,63,11.4,7703,PRIVATE
AL,1627,1413,887,5160,1475,2610,2600,570,66,20.1,4604,PUBLIC
AL,1206,957,444,1627,132,1740,2449,570,58,18.8,4272,PUBLIC
AL,686,427,242,746,123,4000,2700,600,35,16.7,4455,PRIVATE
AL,452,331,269,1417,301,6150,3680,550,59,16.6,5412,PRIVATE
AL,949,605,385,1316,135,6639,3999,600,52,14.5,7986,PRIVATE
AL,1680,1395,691,2959,402,8236,3700,569,74,14.7,9533,PRIVATE
AL,773,694,230,942,224,11478,4788,500,80,14.4,8594,PRIVATE
AL,629,614,248,866,22,4460,2754,600,47,14.3,5031,PRIVATE
AL,4414,1500,335,908,119,5666,2964,1000,56,15.5,5970,PRIVATE
AL,1471,1281,824,4343,990,2883,2570,300,50,23,4295,PUBLIC
AL,2267,1827,611,2825,144,6735,3395,600,70,12.2,10872,PRIVATE
AL,7593,5972,2682,13780,1599,5424,3530,580,80,17.3,6426,PUBLIC
AL,1797,1260,938,6960,4698,4440,5175,750,96,6.7,16352,PUBLIC
AL,1376,957,445,2727,3394,4960,3500,600,83,12.7,8863,PUBLIC
AL,2328,2110,1047,7516,2943,3108,2850,480,80,13.3,8667,PUBLIC
AL,985,868,645,3477,1929,5715,4430,600,74,18.1,4792,PUBLIC
AR,826,794,662,4539,357,3552,2310,500,54,42.6,2033,PUBLIC
AR,1450,1360,744,2993,1020,3216,2328,450,47,16.2,4618,PUBLIC
AR,708,334,166,530,182,8644,3922,500,79,12.6,14579,PRIVATE
AR,1734,1729,951,3602,939,3460,2650,450,57,19.6,4739,PUBLIC
AR,2688,2633,1488,7212,1707,3720,2580,500,71,20,5128,PUBLIC
AR,3131,2703,1792,7402,1119,3274,2600,600,71,20.5,4252,PUBLIC
AR,218,215,126,570,59,4800,2850,400,49,12.8,8177,PRIVATE
AR,1490,1490,771,2942,997,2880,2400,500,58,19,4540,PUBLIC
AR,823,721,274,954,6,8800,3195,500,82,13.1,8588,PRIVATE
AR,605,405,284,961,99,6398,3672,400,68,13.3,8118,PRIVATE
AR,1766,1322,1194,5753,4058,5352,2435,800,61,14.7,4724,PUBLIC
AR,910,773,450,1310,61,6530,2800,500,63,13.3,6413,PRIVATE
AR,220,210,131,509,97,3952,2292,400,62,18,4061,PRIVATE
AR,792,792,499,2229,270,2340,2240,400,40,17,4653,PUBLIC
AR,3235,3108,2133,9978,1530,5028,3300,500,73,14.8,6820,PUBLIC
AR,1721,1068,806,3128,213,5504,3528,700,71,17.7,6466,PRIVATE
AZ,497,393,169,1364,454,6870,3100,400,56,14.2,6219,PRIVATE
AZ,12809,10308,3761,22593,7585,7434,4850,700,88,18.9,4602,PUBLIC
AZ,5891,4931,1973,11249,2682,6746,3728,620,78,21.7,6157,PUBLIC
AZ,14079,12238,4529,21664,4894,7434,4216,620,91,19.6,9683,PUBLIC
CA,1080,948,504,2032,122,15500,3700,250,47,12.8,9627,PRIVATE
CA,1118,896,459,2058,111,11388,4546,1000,67,16.6,9329,PRIVATE
CA,563,247,247,1427,432,12950,5300,612,72,12.4,8985,PRIVATE
CA,6004,4480,1470,12147,6681,8990,3476,600,88,19.9,6288,PUBLIC
CA,5609,2756,1268,9358,5222,7454,2900,577,53,20.4,8145,PUBLIC
CA,7811,3817,1650,12911,1404,7380,4877,612,72,19.8,8453,PUBLIC
CA,4540,3294,1483,13494,1254,7706,4368,600,90,21.2,7268,PUBLIC
CA,3467,2190,565,5637,678,9979,4200,600,80,16.4,8650,PUBLIC
CA,4348,3026,1234,13724,8161,9096,4500,700,79,19.2,7530,PUBLIC
CA,9402,7020,2151,16407,5550,8384,5110,612,87,19.5,7930,PUBLIC
CA,5385,3539,1259,13165,5937,8964,6776,630,75,17.4,7651,PUBLIC
CA,5210,4094,1420,14392,7263,8820,4224,350,72,17.4,5957,PUBLIC
CA,1042,830,461,2895,1678,8868,5300,650,89,15.3,7333,PUBLIC
CA,322,168,51,237,67,11760,4225,630,90,15.7,10317,PRIVATE
CA,959,771,351,1662,209,16624,5895,600,72,12.8,12692,PRIVATE
CA,1860,767,227,887,1,17000,6010,500,99,9.6,18443,PRIVATE
CA,1377,572,178,654,5,17230,6690,700,100,8.2,21569,PRIVATE
CA,1133,630,220,750,30,17688,5900,650,100,10.4,14820,PRIVATE
CA,855,632,139,569,7,17238,7350,600,95,8.2,18372,PRIVATE
CA,344,264,97,500,331,12600,5520,630,77,10.4,9773,PRIVATE
CA,258,157,43,273,317,11480,5280,630,75,7.8,10362,PRIVATE
CA,213,173,75,648,150,12790,6100,650,56,11.6,8966,PRIVATE
CA,659,530,325,1067,268,12180,3885,683,69,12.6,8294,PRIVATE
CA,1597,969,226,1431,1522,13540,5050,630,66,14.1,10139,PRIVATE
CA,315,275,115,553,9,13975,6200,500,46,15.4,11304,PRIVATE
CA,167,142,89,414,165,6500,3000,500,38,10.7,5612,PRIVATE
CA,346,274,146,704,63,9900,3670,630,59,10.5,8095,PRIVATE
CA,940,668,385,1316,139,11925,3825,630,48,12.3,9157,PRIVATE
CA,809,687,428,1889,217,10178,4190,800,71,16.1,7895,PRIVATE
CA,3821,2037,680,2488,625,18200,6770,500,95,11.6,16185,PRIVATE
CA,385,340,193,784,127,9520,4124,630,63,18.6,8219,PRIVATE
CA,19873,8252,3215,19532,2061,11648,6246,636,93,15.8,13919,PUBLIC
CA,15698,10775,2478,12677,864,12024,5302,790,96,16.1,15934,PUBLIC
CA,1498,1219,306,1369,1587,16530,6205,600,81,8.9,10685,PRIVATE
CA,2306,1721,538,4309,549,13226,6452,750,86,13.6,10074,PRIVATE
CA,4019,2779,888,3891,128,13584,5928,630,88,13.9,10872,PRIVATE
CA,12229,8498,2477,13259,1429,17230,6482,600,90,11.4,17007,PRIVATE
CA,2459,1997,582,2664,299,16320,5326,646,87,11.2,13706,PRIVATE
CA,950,713,351,1276,9,14320,5304,490,77,14.9,8837,PUBLIC
CA,1681,1069,344,1235,30,16249,5699,500,84,13.6,11778,PRIVATE
CA,349,313,111,765,191,13020,5490,900,28,13.5,6944,PRIVATE
CA,52,36,18,88,12,10560,6200,825,100,7.2,31012,PRIVATE
CA,3934,2735,886,3698,217,13600,5940,630,93,15.6,10813,PRIVATE
CA,3768,2662,753,3558,436,13592,5916,545,84,14.2,11677,PRIVATE
CA,688,497,144,641,101,10800,4440,570,55,13.1,8415,PRIVATE
CO,1508,1259,569,1922,232,1672,3730,520,63,27.9,3897,PUBLIC
CO,3207,1577,490,1892,7,17142,4190,450,85,11.3,14664,PRIVATE
CO,5530,4007,1697,8463,1498,7731,4128,540,75,21.5,6309,PUBLIC
CO,9478,6312,2194,15646,1829,8412,4180,470,87,19.2,7850,PUBLIC
CO,3440,2823,1123,3793,486,6198,3320,500,89,19.1,4362,PUBLIC
CO,1584,1456,891,3471,911,5016,3798,540,48,28.8,3871,PUBLIC
CO,1401,1239,605,3716,675,7100,4380,540,63,19.4,5389,PUBLIC
CO,14063,9320,3436,18465,1541,12563,3811,540,90,19.9,8703,PUBLIC
CO,2974,2001,580,2666,554,15192,4695,400,84,15.9,11762,PRIVATE
CO,2702,1623,604,2315,146,5918,3755,500,76,19.4,4599,PUBLIC
CO,826,620,318,2570,1569,8090,5544,540,93,15,6236,PUBLIC
CO,735,583,310,1001,65,6720,3480,400,56,8.6,4588,PRIVATE
CT,353,340,103,416,230,13290,5720,500,90,11.5,8861,PRIVATE
CT,4158,2532,902,6394,3881,5962,4444,500,69,16.7,4900,PUBLIC
CT,3035,1546,438,1630,232,18740,6300,600,86,10.7,14773,PRIVATE
CT,4784,3346,781,2984,1037,15000,6200,700,86,15.1,11220,PRIVATE
CT,1651,1412,336,1411,1914,10600,5020,500,79,15.6,7033,PRIVATE
CT,345,297,92,570,1273,11300,5400,400,30,12.2,9310,PRIVATE
CT,3712,2153,806,2677,714,12030,6140,1000,63,12,8847,PRIVATE
CT,2307,1896,509,1707,1889,11070,5780,400,71,14.8,7120,PRIVATE
CT,3852,2652,1044,5892,2478,5962,4796,700,62,15.8,5245,PUBLIC
CT,292,241,96,543,712,12200,4600,650,87,11.2,8680,PRIVATE
CT,3058,1798,478,1737,244,18810,5690,500,91,10.4,18034,PRIVATE
CT,5081,4040,1194,3768,1415,14220,6000,500,61,10.7,10625,PRIVATE
CT,4772,1973,712,2714,27,19130,5600,1400,90,12.1,16262,PRIVATE
CT,2172,1493,564,2766,1531,5962,4316,650,71,16.9,5719,PUBLIC
CT,10705,2453,1317,5217,83,19840,6510,630,96,5.8,40386,PRIVATE
CT,9735,7187,2064,12478,1660,11656,5072,700,89,16,10178,PUBLIC
DC,1754,1465,505,2159,211,13712,6408,526,90,9.3,12751,PRIVATE
DC,825,645,392,1541,221,4700,5400,663,58,6.6,24182,PRIVATE
DC,7875,5062,1492,5471,1470,17450,6328,700,92,7.6,14745,PRIVATE
DC,11115,2881,1390,5881,406,18300,7131,670,91,7.2,19635,PRIVATE
DC,9776,3164,1666,6705,874,7128,3750,300,78,7.5,18287,PRIVATE
DC,149,70,61,203,138,13780,6915,500,84,5.7,13844,PRIVATE
DC,247,189,100,309,639,11412,6430,500,89,8.3,11806,PRIVATE
DE,633,468,284,823,963,6120,2985,531,25,27.6,6081,PRIVATE
DE,14446,10516,3252,14130,4522,10220,4230,530,82,18.3,10650,PRIVATE
DE,980,807,350,872,448,9890,4674,500,52,14.4,6243,PRIVATE
FL,990,784,279,1811,3144,11290,5360,600,76,12.6,9084,PRIVATE
FL,1646,1150,542,2128,82,5188,3396,650,48,13.8,6817,PRIVATE
FL,1947,1580,523,1863,233,13900,4140,750,90,10.6,8923,PRIVATE
FL,161,156,101,409,43,5200,3400,500,55,15.1,6724,PRIVATE
FL,3151,2584,958,4772,856,7800,3750,570,37,16.5,12878,PRIVATE
FL,4880,2899,1463,7931,1357,6651,2668,600,87,11.8,7243,PUBLIC
FL,3181,2089,826,6035,6414,6700,4060,600,90,15.6,8717,PUBLIC
FL,2400,1800,557,1312,176,4160,3190,500,38,17.1,5304,PRIVATE
FL,1422,1109,366,1363,23,15360,4080,600,82,12.8,15003,PRIVATE
FL,1381,1040,374,1506,970,8025,4865,400,65,17.4,6339,PRIVATE
FL,11651,8683,3023,18906,3242,6680,4060,600,80,23.1,7250,PUBLIC
FL,1344,1008,305,1556,517,9600,4380,700,61,12.1,7679,PRIVATE
FL,1292,956,315,1250,200,13900,5600,400,69,19,12614,PRIVATE
FL,1025,770,257,1893,1220,8550,4740,720,90,20.4,12523,PRIVATE
FL,1777,1151,382,1668,1052,16425,5220,955,81,13.3,11561,PRIVATE
FL,990,683,201,3400,3731,9150,4650,525,47,72.4,3379,PRIVATE
FL,1557,1227,489,1964,81,12315,4565,600,85,12.5,10307,PRIVATE
FL,12445,8836,3623,24470,3286,7090,4180,630,88,13.4,14737,PUBLIC
FL,7122,5386,1643,7760,876,16500,6526,630,82,5.9,17500,PRIVATE
FL,7589,4676,1876,14770,10962,6760,3776,500,84,17,11020,PUBLIC
FL,280,143,79,327,110,5590,2900,650,53,15.1,4839,PRIVATE
FL,6986,2959,1918,12330,7152,6618,4234,700,80,22.2,6742,PUBLIC
FL,1558,1254,472,3754,2477,6172,3994,541,83,23.4,8488,PUBLIC
FL,1415,714,338,1345,44,5120,3200,500,52,18.1,3930,PRIVATE
FL,400,280,134,397,62,6200,3270,320,53,14.4,7774,PRIVATE
FL,3306,2079,1071,10208,9310,6597,2494,800,81,13.9,6722,PUBLIC
FL,1800,1253,560,3876,3588,6634,4360,600,82,17.8,6104,PUBLIC
GA,417,349,137,510,63,12960,5450,450,92,7.7,19016,PRIVATE
GA,1461,1097,580,2035,321,4535,2754,675,65,17,6238,PUBLIC
GA,2186,1835,1263,2796,2391,5604,4192,450,45,10.5,5667,PUBLIC
GA,4502,2497,790,2844,88,7908,4238,600,63,14.9,9345,PRIVATE
GA,1858,1221,480,1620,49,8050,3940,350,80,16.3,10511,PRIVATE
GA,367,274,158,917,479,9592,5879,500,71,13.7,5935,PRIVATE
GA,1436,1228,1202,1320,822,4371,2370,500,62,12.6,4900,PRIVATE
GA,1348,1050,774,2873,1736,2763,3375,800,61,16.5,5332,PUBLIC
GA,8506,4168,1236,5544,192,17600,6000,600,97,5,28457,PRIVATE
GA,7837,4527,2276,8528,654,6489,4438,795,92,19.3,11271,PUBLIC
GA,652,503,297,2229,1283,4023,3219,465,52,17.3,6208,PUBLIC
GA,8388,5423,3034,11404,1007,4571,2987,450,60,19.7,4830,PUBLIC
GA,3793,2341,1238,7732,9054,6744,2655,720,87,19,7762,PUBLIC
GA,544,399,177,600,363,6987,3585,750,77,12.5,9067,PRIVATE
GA,2286,1668,564,2943,1260,11985,4081,400,93,9.2,8995,PRIVATE
GA,3708,1678,722,2852,153,7050,5490,250,71,17.8,8122,PRIVATE
GA,792,649,186,769,377,12900,4340,600,91,13.1,8568,PRIVATE
GA,1322,636,225,589,97,5460,2814,500,48,10.9,8967,PRIVATE
GA,663,562,127,641,63,5640,3620,600,89,13.2,7309,PRIVATE
GA,540,445,165,1115,111,7210,3600,500,62,13.2,7356,PRIVATE
GA,3713,1237,443,1971,107,7000,5565,660,73,12.5,9988,PRIVATE
GA,11220,7871,3320,19553,2748,5697,3600,525,88,14.7,7881,PUBLIC
GA,3674,3247,1586,5982,1418,4617,2940,600,67,20,5374,PUBLIC
GA,305,287,109,382,46,11500,4500,515,68,7.6,11605,PRIVATE
GA,3668,2604,1331,4538,1179,4650,2973,490,59,19.2,5687,PUBLIC
GA,1868,1788,829,3467,1167,4457,2739,450,70,21.4,4706,PUBLIC
GA,407,317,181,468,31,9700,3744,470,73,19,8614,PRIVATE
GA,1109,688,386,1897,208,8325,5000,1200,14,16.1,6874,PRIVATE
HI,621,546,103,766,1154,10600,5490,700,63,14.1,5073,PRIVATE
HI,3580,2603,1627,11028,2411,4460,3038,687,85,11.8,12833,PUBLIC
HI,1827,1409,1169,4312,2302,6300,6500,500,59,23.3,5301,PRIVATE
HI,1499,779,500,2082,871,2920,4270,714,72,15.8,11460,PUBLIC
IA,392,351,155,738,430,10260,3597,600,39,13.1,8355,PRIVATE
IA,860,688,285,1928,442,13306,3797,450,62,8.8,6333,PRIVATE
IA,1283,1113,401,1355,40,10938,3660,650,76,13.5,8444,PRIVATE
IA,460,340,167,604,350,10740,3676,350,67,11,7963,PRIVATE
IA,1006,742,275,1127,205,13925,4390,500,73,12.7,10141,PRIVATE
IA,1538,1329,383,1140,10,15248,4323,550,71,12.2,10340,PRIVATE
IA,604,562,328,1048,56,9800,2650,450,61,12.5,7325,PRIVATE
IA,2799,2573,839,3322,726,13420,4770,560,88,15,9473,PRIVATE
IA,555,414,242,996,2281,9100,3100,550,51,23.6,5609,PRIVATE
IA,535,511,233,1098,380,9820,3360,570,32,12.6,6687,PRIVATE
IA,2039,1389,432,1333,30,15688,4618,400,88,9.5,18979,PRIVATE
IA,8427,7424,3441,18676,1715,7550,3224,640,81,19.2,8420,PUBLIC
IA,443,291,127,563,427,9850,3400,500,45,17.2,7349,PRIVATE
IA,1641,1283,527,1663,170,11200,4000,500,61,14.2,7578,PRIVATE
IA,1549,1392,587,2269,85,13240,3560,600,73,13.8,8949,PRIVATE
IA,328,243,93,663,340,9980,3640,500,44,12.3,7791,PRIVATE
IA,586,533,239,950,228,10520,3678,500,48,13,8111,PRIVATE
IA,368,317,159,806,542,10500,3555,500,44,11.3,6695,PRIVATE
IA,325,284,95,364,88,9900,3650,500,32,13.6,6525,PRIVATE
IA,860,811,366,1040,52,9900,3075,300,68,14.9,6357,PRIVATE
IA,1016,872,300,1116,602,11250,4980,550,66,15.8,7411,PRIVATE
IA,897,718,276,1345,390,10450,4020,500,56,14.1,7444,PRIVATE
IA,4144,3379,1853,10135,1448,6197,2930,595,78,16.3,6333,PUBLIC
IA,576,558,137,662,131,10430,3620,400,85,16.5,8767,PRIVATE
IA,663,452,192,1481,1160,8840,3060,500,69,17.4,3733,PRIVATE
IA,1231,1074,345,1295,105,11600,3610,400,66,12.4,7735,PRIVATE
IA,326,294,140,630,107,10000,3110,495,35,13.3,7057,PRIVATE
ID,587,479,158,678,41,13500,3335,500,67,9.4,9727,PRIVATE
ID,1001,551,428,1970,1256,5120,3190,908,60,12.1,6997,PUBLIC
ID,616,514,385,1115,60,9840,2820,450,59,14.8,6261,PRIVATE
ID,3133,2799,1337,7242,1431,5962,3540,832,82,13.5,8805,PUBLIC
IL,1879,1658,497,1950,38,13353,4173,540,78,12.7,9220,PRIVATE
IL,261,192,111,453,266,9690,4300,500,57,9.7,9337,PRIVATE
IL,500,336,156,421,27,6500,2700,500,76,14.3,8377,PRIVATE
IL,3767,3414,1061,4531,643,10870,4440,2000,75,14.4,7671,PRIVATE
IL,422,305,160,781,240,9810,4160,400,52,17.5,9729,PRIVATE
IL,2419,2160,1117,4852,1991,7310,4350,500,18,13.4,5682,PRIVATE
IL,528,403,186,1168,145,9216,4191,400,56,12.1,7309,PRIVATE
IL,4815,3551,1227,6069,3719,11214,4932,600,69,16.1,8322,PRIVATE
IL,5597,4253,1565,9161,845,5710,3066,120,62,16.2,5682,PUBLIC
IL,560,454,113,484,16,10955,3450,330,62,10.6,9552,PRIVATE
IL,510,387,194,771,53,10310,4530,400,57,14.3,8222,PRIVATE
IL,894,787,262,909,28,8050,3850,600,75,15.6,7348,PRIVATE
IL,1756,1360,478,1911,626,14550,4620,500,80,12.3,12851,PRIVATE
IL,8681,6695,2408,15701,1823,7799,3403,537,77,21,5569,PUBLIC
IL,3050,1342,471,1818,23,14360,4090,400,77,12.9,9605,PRIVATE
IL,313,228,137,552,67,9414,4554,500,34,10.6,7840,PRIVATE
IL,150,150,121,338,33,6900,4851,800,24,15.9,8812,PRIVATE
IL,1040,845,286,967,24,15747,4062,400,88,12.7,13224,PRIVATE
IL,979,638,271,968,20,16880,3970,920,91,10.7,15687,PRIVATE
IL,1154,1050,395,2192,1423,10560,4520,500,36,14.3,7701,PRIVATE
IL,3579,2959,868,5244,3417,11500,5330,700,94,6.2,13009,PRIVATE
IL,740,558,177,628,63,9620,3750,550,49,10.8,10642,PRIVATE
IL,1002,555,119,836,684,7680,3740,500,70,17.7,6652,PRIVATE
IL,1444,1261,456,1788,95,11910,4378,450,60,11.4,8149,PRIVATE
IL,601,503,204,671,11,13000,4100,400,91,11.6,11087,PRIVATE
IL,513,347,279,2508,505,9090,4500,650,62,18.3,7905,PRIVATE
IL,1127,884,308,1310,766,11718,7398,450,73,16.4,8871,PRIVATE
IL,465,361,176,879,156,12580,4345,400,76,13.1,10889,PRIVATE
IL,10706,7219,2397,14826,1979,7799,3296,470,73,17.3,6086,PUBLIC
IL,12289,5200,1902,7450,45,16404,5520,759,96,6.8,26385,PRIVATE
IL,1025,707,297,1070,72,10100,4140,450,69,16.3,6880,PRIVATE
IL,591,505,196,907,364,12305,4066,800,57,12.3,8695,PRIVATE
IL,422,367,218,1700,2902,8580,5100,600,75,12.2,8995,PRIVATE
IL,434,321,141,624,269,10950,4600,550,79,12.9,9264,PRIVATE
IL,2540,2195,994,6063,2550,5472,3598,221,76,16.5,7498,PUBLIC
IL,607,558,269,1222,519,10500,4348,650,81,11.6,8324,PRIVATE
IL,785,647,295,1670,726,10860,4624,600,87,13.7,8953,PRIVATE
IL,746,473,317,834,50,9600,4110,600,54,21.9,5252,PRIVATE
IL,6348,2999,922,3340,39,18930,6380,500,99,5.3,36854,PRIVATE
IL,14939,11652,5705,25422,911,7560,4574,500,87,17.4,8559,PUBLIC
IL,8384,5727,2710,13518,2916,7230,5088,630,82,10,13883,PUBLIC
IL,6491,5027,1563,9015,1449,5706,3193,600,77,17.2,6566,PUBLIC
IL,1432,920,548,2200,56,11480,4200,530,81,12.7,11916,PRIVATE
IN,1216,908,423,1819,281,10100,3520,550,48,12.1,7994,PRIVATE
IN,9361,7910,3849,16148,2207,7244,3608,500,69,17.7,7449,PUBLIC
IN,495,415,267,733,402,9300,3000,500,51,14.6,6392,PRIVATE
IN,2362,2037,700,2607,148,13130,4650,500,77,10.9,9511,PRIVATE
IN,1994,1656,495,1983,36,14300,5020,550,78,11.1,11525,PRIVATE
IN,1358,1006,274,1028,13,15036,4056,600,90,10.6,14634,PRIVATE
IN,2096,1626,694,2551,407,11800,4340,700,60,15.8,7780,PRIVATE
IN,804,632,281,840,68,10390,4040,525,54,12.5,11751,PRIVATE
IN,440,396,221,910,166,9420,3730,600,51,9.9,10270,PRIVATE
IN,548,428,167,618,113,8958,3670,300,53,15.3,9798,PRIVATE
IN,1006,837,317,1024,15,8200,3485,500,84,10.6,9248,PRIVATE
IN,450,430,125,488,43,9950,3920,300,76,11.8,9466,PRIVATE
IN,1487,1276,388,1417,1646,11120,4080,525,55,11.1,6735,PRIVATE
IN,2379,2133,1292,4283,2973,4973,3192,500,56,22,4078,PUBLIC
IN,16587,13243,5873,24763,2717,9766,3990,600,77,21.3,8686,PUBLIC
IN,1004,802,239,909,51,10440,3850,525,63,11.8,7940,PRIVATE
IN,770,542,238,923,427,9990,3822,450,38,10.4,7799,PRIVATE
IN,735,423,366,2448,707,9210,3782,700,49,39.8,6562,PRIVATE
IN,495,465,275,695,193,7260,2984,740,41,11.5,5514,PRIVATE
IN,21804,18744,5874,26213,4065,9556,3990,570,86,18.2,8604,PUBLIC
IN,213,166,85,513,247,8670,3820,450,43,12.5,7440,PRIVATE
IN,150,130,88,341,768,10300,4130,500,44,10.2,9678,PRIVATE
IN,1769,1092,437,1757,81,10965,4000,450,60,14.2,8294,PRIVATE
IN,1262,1102,276,978,98,9456,4350,468,53,12.8,7603,PRIVATE
IN,7700,3700,1906,7671,30,16850,4400,600,96,13.1,13936,PRIVATE
IN,2075,1727,520,2501,198,11800,3260,500,87,14.2,9681,PRIVATE
IN,800,623,256,801,5,12925,4195,500,78,9.9,14904,PRIVATE
IN,5659,4761,3147,8596,1949,6892,3706,600,72,16.6,6996,PUBLIC
KS,602,483,206,958,466,8620,4100,400,58,11,6136,PRIVATE
KS,878,816,200,706,62,8740,3363,550,62,11.6,7718,PRIVATE
KS,202,184,122,537,101,8540,3580,500,61,8.8,8324,PRIVATE
KS,1363,1363,806,3640,706,4869,2950,500,65,18.1,5804,PUBLIC
KS,358,276,172,838,122,8516,3130,650,55,25,4962,PRIVATE
KS,1419,1313,813,4469,499,5424,3000,300,52,23.2,1834,PUBLIC
KS,1256,1256,853,3957,588,5401,3144,450,72,19.3,5527,PUBLIC
KS,5880,4075,2833,14914,2246,6995,3120,600,76,18.5,6122,PUBLIC
KS,589,575,148,474,258,8400,3250,500,63,12.4,6535,PRIVATE
KS,420,293,93,336,80,7950,3750,600,54,9.8,9754,PRIVATE
KS,213,155,75,504,147,7200,3532,550,56,11.8,7818,PRIVATE
KS,273,229,66,439,415,7800,3880,800,50,8.2,7364,PRIVATE
KS,479,373,127,631,133,8280,3260,500,50,16.1,10049,PRIVATE
KS,257,183,109,396,38,7850,3410,400,55,10,7233,PRIVATE
KS,8579,5561,3681,17880,1673,6994,3384,700,88,13.7,9657,PUBLIC
KS,1100,1078,560,3157,2705,4774,3210,450,82,13.8,5828,PUBLIC
KS,2901,2236,896,6550,5083,6994,3299,450,82,20.4,5950,PUBLIC
KS,331,331,225,1100,166,6840,3720,1100,33,15.4,5524,PRIVATE
KS,632,620,222,702,501,9550,3850,350,64,14.1,5922,PRIVATE
KY,643,509,280,1110,39,8988,2764,500,61,12.1,7741,PRIVATE
KY,807,707,308,1198,605,8840,2950,750,74,13.1,6668,PRIVATE
KY,307,260,99,452,249,7500,3200,650,49,10.1,6554,PRIVATE
KY,848,587,298,935,184,6060,3070,600,62,17.7,5391,PRIVATE
KY,283,201,97,589,263,8400,2800,600,50,10.6,6860,PRIVATE
KY,1013,888,288,943,7,11850,4270,600,95,11.4,13118,PRIVATE
KY,995,789,398,1306,122,6230,3526,400,42,13,8189,PRIVATE
KY,5443,5135,2445,11208,3350,4700,3196,600,82,19.8,5394,PUBLIC
KY,727,693,286,1063,48,8100,3950,550,73,13.3,7508,PRIVATE
KY,1636,952,424,1544,896,4120,2682,510,60,15,8372,PUBLIC
KY,584,497,175,662,121,8000,4150,500,57,11.3,7058,PRIVATE
KY,1089,865,382,1006,164,6600,3550,400,32,19.3,5067,PRIVATE
KY,2825,2495,1300,6311,975,4740,2950,500,58,19.9,5175,PUBLIC
KY,2225,1910,1190,5968,955,4738,3110,700,72,20.2,5972,PUBLIC
KY,404,400,169,797,100,6000,3000,500,48,13.4,5557,PRIVATE
KY,759,729,244,867,51,10900,4450,500,81,12.1,10219,PRIVATE
KY,484,384,177,634,78,7800,2950,500,60,14.1,6864,PRIVATE
KY,7769,5689,2675,14931,2596,6640,3226,450,95,12.2,11098,PUBLIC
KY,4777,3057,1823,9844,6198,6540,3600,530,84,11.1,10207,PUBLIC
KY,808,594,218,756,502,9490,3892,400,65,10.5,7678,PRIVATE
KY,4441,3260,2082,10264,2910,4961,3149,500,66,19.1,5063,PUBLIC
KY,2920,2506,1682,7112,3832,4720,2900,500,66,17.7,4745,PUBLIC
LA,495,434,210,775,44,8950,3490,600,86,11.3,9685,PRIVATE
LA,1998,1376,651,1539,45,6700,3650,500,52,14.1,7566,PRIVATE
LA,2020,1898,1092,4921,1338,4572,2550,600,65,21.8,4466,PUBLIC
LA,4847,3518,1900,6567,261,1044,1306,500,46,24.6,5034,PUBLIC
LA,2013,1053,212,912,158,5150,3036,500,64,10.5,7547,PRIVATE
LA,2397,2144,1525,6720,1822,3957,2325,618,66,20,4546,PUBLIC
LA,5996,4993,3079,16269,3757,5925,2980,600,83,15.9,6741,PUBLIC
LA,675,645,500,2413,1477,4990,1680,617,62,18.1,4287,PUBLIC
LA,2406,2139,1501,8158,3643,5154,3116,800,75,17.9,5260,PUBLIC
LA,1891,1698,719,2740,761,11100,5870,600,77,11.7,9456,PRIVATE
LA,2066,2031,1525,6020,1317,3450,2310,650,69,21.1,3976,PUBLIC
LA,2963,2814,1840,8718,1707,3804,1980,617,57,20.6,4092,PUBLIC
LA,2671,2671,1330,5742,1969,4040,2216,500,67,29.5,4587,PUBLIC
LA,3247,3247,2297,9724,2192,3854,2230,250,61,24.3,3666,PUBLIC
LA,7033,5125,1223,4941,1534,19040,5950,350,98,9.1,16920,PRIVATE
LA,4299,4250,2664,11767,3219,4898,2082,560,63,22.7,4099,PUBLIC
LA,2097,1915,695,2793,166,6900,4200,617,67,14.4,8323,PRIVATE
LA,2431,2416,1711,7534,775,3950,2982,600,50,15.9,5244,PUBLIC
MA,1420,1093,220,1018,287,8700,4780,450,78,14.7,7355,PRIVATE
MA,4302,992,418,1593,5,19760,5300,660,93,8.4,21424,PRIVATE
MA,350,283,82,367,406,10800,4835,500,45,11.7,5982,PRIVATE
MA,2135,1700,491,1708,689,12000,5920,500,93,13.8,7100,PRIVATE
MA,1981,1541,514,1927,1084,12500,6200,375,73,16.8,8707,PRIVATE
MA,3466,2330,640,3095,1533,13800,5510,630,87,17.5,10941,PRIVATE
MA,1975,1516,712,2223,304,11550,6990,400,15,10.2,9719,PRIVATE
MA,20192,13007,3810,14971,3113,18420,6810,475,80,11.9,16836,PRIVATE
MA,443,330,151,453,42,14080,6270,500,57,10.2,15387,PRIVATE
MA,4186,2743,740,2819,62,19380,6750,410,90,9.8,17150,PRIVATE
MA,2887,2059,457,1928,296,17500,4200,500,94,10.5,11951,PRIVATE
MA,245,208,125,544,436,11800,4765,450,71,11.3,8952,PRIVATE
MA,2994,1691,659,2675,22,18000,6300,400,92,11.3,12138,PRIVATE
MA,1224,936,283,891,332,13600,5450,600,39,8.7,11992,PRIVATE
MA,516,409,200,1238,30,8770,3500,450,58,17.3,6430,PRIVATE
MA,674,565,282,1151,39,12200,4070,400,73,14.2,9226,PRIVATE
MA,13865,2165,1606,6862,320,18485,6410,500,97,9.9,37219,PRIVATE
MA,618,540,171,470,59,11475,6200,600,32,9.1,10066,PRIVATE
MA,244,198,82,1134,336,11700,5300,550,71,27.8,8694,PRIVATE
MA,3986,3026,1093,5740,4182,9838,4164,500,81,16.1,7607,PUBLIC
MA,6411,2140,1078,4481,28,20100,5975,725,99,10.1,33541,PRIVATE
MA,4915,3340,1064,5356,1502,5542,3991,500,73,17.1,4666,PUBLIC
MA,1563,1005,240,1380,136,5542,4330,500,65,14.2,6562,PUBLIC
MA,3973,3168,1334,5625,3416,5542,3514,375,55,21,4386,PUBLIC
MA,3100,2150,825,3234,941,5542,3788,500,75,15.7,4222,PUBLIC
MA,2197,1515,543,3089,2029,6797,3900,500,60,21,4469,PUBLIC
MA,1800,1314,526,1891,40,19300,5700,750,79,9,18359,PRIVATE
MA,4750,4041,795,1501,334,9810,6890,300,32,13.5,5025,PRIVATE
MA,11901,8492,2517,11160,10221,13380,7425,600,73,12.9,9563,PRIVATE
MA,354,323,125,372,28,15190,6480,400,46,8.9,14795,PRIVATE
MA,427,385,143,581,533,12700,5800,450,81,10.3,11758,PRIVATE
MA,1003,782,295,1144,160,16160,6950,500,74,8.9,14086,PRIVATE
MA,2925,1598,632,2479,95,18820,6390,500,85,10.3,21199,PRIVATE
MA,3347,2597,1006,4664,1630,6919,4500,500,74,15,7462,PUBLIC
MA,3646,2300,585,2022,926,12170,6172,480,79,13,7495,PRIVATE
MA,14438,12414,3816,16282,1940,8566,3897,500,88,16.7,10276,PUBLIC
MA,2895,1249,579,2195,156,18345,5995,500,94,10.6,21409,PRIVATE
MA,1650,1471,409,1803,1116,8994,5500,498,74,15.4,8409,PRIVATE
MA,1738,1373,417,1335,30,18460,5970,700,92,13.2,22704,PRIVATE
MA,399,335,161,736,29,13472,5528,400,74,9.6,12113,PRIVATE
MA,4186,1245,526,1988,29,19629,5790,500,94,9,22014,PRIVATE
MA,2768,2314,682,2802,86,15884,5370,530,92,15.2,10774,PRIVATE
MA,1480,1257,452,2961,572,9850,6050,850,10,15.4,17858,PRIVATE
MD,100,90,35,282,331,8400,2812,300,10,12.1,7976,PRIVATE
MD,1643,882,407,2179,1089,4869,4075,600,57,22,7848,PUBLIC
MD,457,356,177,667,1983,11180,5620,600,64,11.5,7477,PRIVATE
MD,1301,957,101,514,466,9500,3450,700,47,13.9,9431,PRIVATE
MD,1478,723,381,1863,775,5000,4540,500,69,16.3,7160,PUBLIC
MD,2916,2167,911,4147,449,5428,4390,700,78,17.8,5491,PUBLIC
MD,1151,813,248,850,80,15588,6174,500,78,9.2,16623,PRIVATE
MD,699,565,176,710,399,13960,6040,450,82,14.4,12434,PRIVATE
MD,8474,3446,911,3566,1569,18800,6740,500,96,3.3,56233,PRIVATE
MD,4076,3137,738,3010,184,12990,6300,600,86,14.7,9448,PRIVATE
MD,5892,3034,1358,4517,745,4136,4640,550,80,18.2,6867,PUBLIC
MD,4216,2290,736,4296,1027,5130,4690,600,73,17.9,5125,PUBLIC
MD,6151,3837,1215,9247,3584,5166,4480,660,76,17.6,5401,PUBLIC
MD,14292,10315,3409,19340,3991,8723,5146,550,89,18.1,9021,PUBLIC
MD,4269,2594,985,6476,2592,8594,4408,494,82,18.4,7618,PUBLIC
MD,1600,1016,508,2067,199,7014,3580,500,56,17.8,5191,PUBLIC
MD,1209,942,214,822,46,15276,5318,500,79,11.2,10830,PRIVATE
MD,1205,984,278,1071,98,14510,5340,500,84,12.5,10026,PRIVATE
ME,461,381,235,974,503,6600,3630,400,67,15.2,6408,PUBLIC
ME,3356,1019,418,1490,8,19030,5885,1495,93,11.2,20447,PRIVATE
ME,2848,1319,456,1720,35,18930,5590,500,83,10.2,15954,PRIVATE
ME,1208,803,438,1906,344,6810,3970,450,67,15.9,5712,PUBLIC
ME,225,168,104,467,174,4800,3395,500,65,15,5632,PUBLIC
ME,723,652,361,951,706,7800,4000,350,36,22,4923,PRIVATE
ME,1209,750,265,820,159,11450,5045,900,72,11.4,9718,PRIVATE
ME,356,312,139,388,412,8850,4450,600,29,21.8,5001,PRIVATE
ME,5260,4589,1741,7366,1795,7975,4385,500,93,14.5,7379,PUBLIC
ME,441,369,172,633,317,6600,3680,600,46,15.1,5935,PUBLIC
ME,456,409,185,458,25,9550,4750,400,45,11.4,6145,PRIVATE
MI,1428,1097,336,1036,99,11250,3750,400,53,12.9,8735,PRIVATE
MI,1899,1720,489,1594,32,13868,4826,450,89,13.7,11487,PRIVATE
MI,1267,1080,385,1306,28,12572,4552,400,79,15.3,9305,PRIVATE
MI,1130,704,322,1586,326,9996,3090,900,62,11.5,10908,PRIVATE
MI,619,516,219,1251,767,11208,4124,350,55,12.7,6584,PRIVATE
MI,1784,1512,913,3401,136,10230,3710,400,75,14.8,7786,PRIVATE
MI,7304,6263,2539,13244,1396,6660,3836,600,66,20.4,6965,PUBLIC
MI,260,195,139,235,307,5519,2400,500,85,12.9,8336,PRIVATE
MI,6693,5423,2242,13142,6421,6360,4031,600,74,20.6,5955,PUBLIC
MI,8671,5855,3395,8996,1901,6911,4171,590,38,18.2,6467,PUBLIC
MI,5165,3887,1561,8234,2619,6108,3800,500,64,20.6,5063,PUBLIC
MI,920,745,347,1133,42,11090,4700,400,80,12,12639,PRIVATE
MI,1712,1483,624,2505,208,12275,4341,465,72,12.5,9284,PRIVATE
MI,867,695,312,2176,2063,6759,2250,700,40,15.8,4727,PRIVATE
MI,440,391,231,1367,2662,5040,4152,395,54,14.7,5518,PRIVATE
MI,18114,15096,6180,26640,4120,10658,3734,504,93,14,10520,PUBLIC
MI,2618,2288,1032,5524,414,8127,3978,900,82,17,7473,PUBLIC
MI,1406,1169,522,2432,592,6456,4186,500,47,19.9,4310,PUBLIC
MI,4519,3844,1432,6261,1634,3880,3908,400,59,22,6886,PUBLIC
MI,3041,2581,1173,6441,3982,9114,4030,400,88,19.7,6637,PUBLIC
MI,620,565,296,766,58,10500,3500,550,53,16,6395,PRIVATE
MI,1549,1349,687,3598,2147,5673,3650,550,77,18.2,5391,PUBLIC
MI,464,419,183,686,287,9240,3880,475,29,7.2,9431,PRIVATE
MI,372,362,181,1501,353,8600,3550,385,48,15.4,10938,PRIVATE
MI,927,731,415,2149,2217,11130,3996,600,72,13.5,10891,PRIVATE
MI,4219,3098,1543,9778,10455,7162,3271,468,85,10.9,10538,PUBLIC
MI,9167,7191,2738,15739,4278,6940,4100,500,80,24.7,5983,PUBLIC
MI,601,396,203,525,323,11230,6643,2340,8,6.8,13025,PRIVATE
MI,1093,998,285,1650,5180,9450,4385,600,33,91.8,5568,PRIVATE
MI,19152,12940,4893,22045,1339,15732,4659,476,90,11.5,14847,PUBLIC
MN,662,513,257,2074,726,11902,4372,540,65,12.8,7836,PRIVATE
MN,1208,877,546,3796,824,4425,2700,660,57,19.6,3752,PUBLIC
MN,2694,1579,489,1870,12,19292,3957,550,81,10.4,17960,PRIVATE
MN,938,864,511,1715,103,12247,4221,500,70,13.1,8847,PRIVATE
MN,511,411,186,1692,562,12224,4440,450,63,11.5,7315,PRIVATE
MN,672,596,278,1350,275,11844,3696,450,54,11.6,8996,PRIVATE
MN,2057,1807,828,4106,982,11712,4037,500,80,13.8,8546,PRIVATE
MN,281,266,139,1049,181,10500,3750,450,69,12.8,6955,PRIVATE
MN,1709,1385,634,2281,50,14125,3600,400,79,12.5,9907,PRIVATE
MN,1006,825,328,1362,102,13252,4194,450,89,13,10296,PRIVATE
MN,2939,1496,452,1723,113,15909,4772,500,85,11.9,14213,PRIVATE
MN,3073,2672,1547,9649,1792,4300,2643,450,57,19,5801,PUBLIC
MN,2442,2164,1189,5983,1075,4426,2664,600,76,18.1,4795,PUBLIC
MN,699,601,352,1209,33,11328,3003,400,45,14.5,9672,PRIVATE
MN,1047,938,511,2091,546,4285,2750,600,58,16.5,6591,PUBLIC
MN,3971,3306,1921,11493,2206,4259,2625,350,70,18.9,4629,PUBLIC
MN,2248,1673,745,2888,105,14350,3750,550,82,10,12502,PRIVATE
MN,4192,3126,1656,5887,1254,8828,3474,753,79,19,6393,PUBLIC
MN,1458,874,588,1846,154,9843,3180,600,74,14.6,6716,PUBLIC
MN,3325,2047,1301,5800,872,4200,2700,300,53,20.2,5318,PUBLIC
MN,11054,6397,3524,16502,21836,8949,3744,714,88,12.2,16122,PUBLIC
MO,373,298,86,651,490,8950,3800,500,57,10.6,6639,PRIVATE
MO,633,504,210,920,148,7780,3370,600,50,15.1,6850,PRIVATE
MO,4681,4101,1436,8094,1596,4620,3288,300,69,19.7,5501,PUBLIC
MO,314,158,132,690,5346,8294,3700,400,87,15.3,5015,PRIVATE
MO,1576,1110,274,992,112,8000,3700,400,51,14.1,5807,PRIVATE
MO,700,650,314,1065,48,8730,3523,500,82,13.2,9303,PRIVATE
MO,291,245,126,981,337,8390,4100,350,45,21.5,4607,PRIVATE
PA,2740,2497,1188,4828,605,7844,2924,550,61,19.2,5556,PUBLIC
RI,12586,3239,1462,5643,349,19528,5926,720,99,7.6,20440,PRIVATE
RI,2198,1786,632,2556,1004,12600,6410,500,84,19,8353,PRIVATE
RI,5139,3346,973,3717,1358,14400,6200,450,66,18.4,8135,PRIVATE
RI,2310,1767,1030,4882,2706,6694,5137,500,74,15.7,6827,PUBLIC
